{
  "train_loss": [
    0.4427469112423553,
    0.4331121330898531,
    0.4316144410636374,
    0.40952106193597104,
    0.41127152545355383,
    0.4257383505882682,
    0.4137765524779982,
    0.41168438677002533,
    0.4084470107048963,
    0.402860254547192,
    0.40841197739922064,
    0.4058072766142415,
    0.40452240645743215,
    0.41077308381656474,
    0.4013255262716289,
    0.404385805699023,
    0.4022352632873098,
    0.40273807498321895,
    0.4043414496009845,
    0.38811975447260966,
    0.385739674716121,
    0.40118739599259773,
    0.3990316823444958,
    0.4052567584417885,
    0.3993927584627648,
    0.4033479531226693,
    0.40631263751118735,
    0.38391528436847405,
    0.3993187223812276,
    0.3850356218069436,
    0.3958542489208868,
    0.4004502034699433,
    0.3942473054216699,
    0.3959577829001342,
    0.39059411825029833,
    0.38445950237265064,
    0.3929290407312798,
    0.3956819593479639,
    0.39813246988738066,
    0.39211132987302355,
    0.3854715351842184,
    0.381743620005314,
    0.39336189506731056,
    0.3834196468526253,
    0.3832535481965058,
    0.3830375216172248,
    0.3853492463687724,
    0.37821945882355684,
    0.38677042594672956,
    0.3828297981498919
  ],
  "val_loss": [
    0.4230123610723586,
    0.4222275870186942,
    0.41036892845517114,
    0.4069868905203683,
    0.4060307820638021,
    0.4024791899181548,
    0.40166429792131697,
    0.39922884986514134,
    0.39741414388020835,
    0.39499380929129463,
    0.39404035295758927,
    0.39242996942429315,
    0.39165369669596356,
    0.39011673700241817,
    0.3888460431780134,
    0.3896483648390997,
    0.38800295875186014,
    0.38682454427083335,
    0.3860107421875,
    0.3860980079287574,
    0.3854157584054129,
    0.38437401907784596,
    0.38442796979631694,
    0.3811643327985491,
    0.38197907947358634,
    0.3806284949893043,
    0.38037657964797245,
    0.380543954031808,
    0.37905738467261907,
    0.3808104742140997,
    0.3781497773670015,
    0.3772987002418155,
    0.3780052185058594,
    0.3771566481817336,
    0.3772435142880394,
    0.37627076648530505,
    0.3773008800688244,
    0.3759936378115699,
    0.37620130266462054,
    0.3753552754720052,
    0.3754328409830729,
    0.37493685767764134,
    0.3750541323707217,
    0.3747068859281994,
    0.3745448884509859,
    0.3745139349074591,
    0.37465540568033856,
    0.3746421450660342,
    0.3746146429152716,
    0.374609120686849
  ]
}