{
  "train_loss": [
    0.4427686887026402,
    0.43372659979116945,
    0.43640380713706367,
    0.416014860239689,
    0.4105504293145883,
    0.4219198659382458,
    0.41148449299159084,
    0.4096173489008428,
    0.406156480739111,
    0.40101929439280654,
    0.4088863472949918,
    0.4050820289193019,
    0.40116201323370376,
    0.4066576900800828,
    0.3988889270864409,
    0.3994112947960173,
    0.3950143235964536,
    0.3972403223588529,
    0.394318282461963,
    0.3784591201381638,
    0.37506056173320035,
    0.3895166073892452,
    0.3816833860265327,
    0.39190812213324133,
    0.3865793451204505,
    0.38633862770827115,
    0.3910010435700701,
    0.3677425703171614,
    0.3829181825915498,
    0.3703996753920234,
    0.3783604660580437,
    0.38287255189299296,
    0.37547152935747313
  ],
  "val_loss": [
    0.42304513113839287,
    0.42293697538829983,
    0.4224639165969122,
    0.4194883074079241,
    0.41913052513485866,
    0.41863294328962053,
    0.41892424083891366,
    0.4187163580031622,
    0.4190064203171503,
    0.41885067167736234,
    0.4186146327427455,
    0.4189634050641741,
    0.4186609177362351,
    0.4188860212053571,
    0.4185576665969122,
    0.41835308983212427,
    0.4181776137579055,
    0.41841219947451636,
    0.4177597409202939,
    0.4174230666387649,
    0.41758382888067336,
    0.4175685337611607,
    0.41675767444428946,
    0.41744700840541293,
    0.41749743507021947,
    0.41758099510556174,
    0.4172147478376116,
    0.41739676339285714,
    0.4171392531622024,
    0.41770597185407365,
    0.4172942388625372,
    0.41722848074776786,
    0.4167777288527716
  ]
}